Titre,Note,URL,Tags,Commentaire
,,,,
Chute d'eau de Nachi,,https://www.google.com/maps/place/Chute+d'eau+de+Nachi/data=!4m2!3m1!1s0x60063ff3e5499ef9:0xd77c438c6c730e36,,
Togakushi Shrine Houkosha,Route des 5 sanctuaires,https://www.google.com/maps/place/Togakushi+Shrine+Houkosha/data=!4m2!3m1!1s0x5ff62ea79609c465:0xf624739c628611fd,,
Unzen Jigoku,,https://www.google.com/maps/place/Unzen+Jigoku/data=!4m2!3m1!1s0x35400da6944a91d5:0xfa2d2c111dc73a17,,
Kokemusu Forest,,https://www.google.com/maps/place/Kokemusu+Forest/data=!4m2!3m1!1s0x353d1f61b847af31:0x246f0ae1d42b43c1,,
Shimabara Yusui-kan / Koi Cafe Yusui-kan,,https://www.google.com/maps/place/Shimabara+Yusui-kan+%2F+Koi+Cafe+Yusui-kan/data=!4m2!3m1!1s0x35406c14b1259667:0xa145c916e5e36733,,
Katori,,https://www.google.com/maps/place/Katori/data=!4m2!3m1!1s0x6022f99235ae35d3:0x50211bfba63438,,
Ine Fishing Village,,https://www.google.com/maps/place/Ine+Fishing+Village/data=!4m2!3m1!1s0x5fff9f8db27f560b:0x8254ca426e5ee489,,
Kusasenrigahama,,https://www.google.com/maps/place/Kusasenrigahama/data=!4m2!3m1!1s0x354128aa1961ab5d:0xf8f3dcd6bdc48e4e,,
Kamishikimi Kumanoimasu Shrine,,https://www.google.com/maps/place/Kamishikimi+Kumanoimasu+Shrine/data=!4m2!3m1!1s0x3540d7ccee5ea361:0x75772fd6f78ac77e,,
Takachiho Gorge,,https://www.google.com/maps/place/Takachiho+Gorge/data=!4m2!3m1!1s0x35472cddfea5092f:0x58795d299dc91f8b,,
Amanoiwato-jinja,,https://www.google.com/maps/place/Amanoiwato-jinja/data=!4m2!3m1!1s0x35472bc29ea4137d:0xff8f3f0128b1bca4,,
Takachiho Gorge Boat Pier,,https://www.google.com/maps/place/Takachiho+Gorge+Boat+Pier/data=!4m2!3m1!1s0x35472d0013a7a425:0x13a459f47c120ba6,,
Gion,,https://www.google.com/maps/place/Gion/data=!4m2!3m1!1s0x600108c3c1c67b67:0xdcb04aa1398efb4,,
Nintendo Museum,,https://www.google.com/maps/place/Nintendo+Museum/data=!4m2!3m1!1s0x60011188b83087d3:0x646fdf4a68b62b4d,,
Itsukushima,,https://www.google.com/maps/place/Itsukushima/data=!4m2!3m1!1s0x355ab6cf888dc919:0xc91f62ebee004301,,
Renge-ji Temple,,https://www.google.com/maps/place/Renge-ji+Temple/data=!4m2!3m1!1s0x600106111a293a67:0xfccb194e1e968967,,
Etajima,,https://www.google.com/maps/place/Etajima/data=!4m2!3m1!1s0x355aae677910f17d:0x3b3c1a282fd64fe3,,
Gifu,,https://www.google.com/maps/place/Gifu/data=!4m2!3m1!1s0x6003abd3dcb01f7f:0x94fbfc3b6d00644c,,
天城荘 外湯エリア日帰り温泉,,https://www.google.com/maps/place/%E5%A4%A9%E5%9F%8E%E8%8D%98+%E5%A4%96%E6%B9%AF%E3%82%A8%E3%83%AA%E3%82%A2%E6%97%A5%E5%B8%B0%E3%82%8A%E6%B8%A9%E6%B3%89/data=!4m2!3m1!1s0x6019e54ea4f61a65:0xacdc60e6a04be64c,,
Amanohashidate,,https://www.google.com/maps/place/Amanohashidate/data=!4m2!3m1!1s0x5fff972dc7c1e297:0xba61cef3b2e46c81,,
Jigokudani Yaen-Koen,,https://www.google.com/maps/place/Jigokudani+Yaen-Koen/data=!4m2!3m1!1s0x601df3ec4ca220cf:0xf64d8b73ef8dd61f,,
Temple bouddhiste Otagi Nenbutsuji,,https://www.google.com/maps/place/Temple+bouddhiste+Otagi+Nenbutsuji/data=!4m2!3m1!1s0x6001aa3999ac708b:0x57b7af11417a95d2,,
Arakurayama Sengen Park Observatory,,https://www.google.com/maps/place/Arakurayama+Sengen+Park+Observatory/data=!4m2!3m1!1s0x6019673afb4d2bb5:0x8823c9829f887b66,,
Hozugawa River Boat Ride (Hozugawa Kudari),,https://www.google.com/maps/place/Hozugawa+River+Boat+Ride+(Hozugawa+Kudari)/data=!4m2!3m1!1s0x600054c4aef4efe5:0x33dcd3376bf7a157,,
Kamikōchi,,https://www.google.com/maps/place/Kamik%C5%8Dchi/data=!4m2!3m1!1s0x601d0e9010f1c50b:0x9a6e421faf5c3807,,
Kifune Shrine - Okumiya [Rear Shrine],,https://www.google.com/maps/place/Kifune+Shrine+-+Okumiya+%5BRear+Shrine%5D/data=!4m2!3m1!1s0x6001a5e392da9417:0x7e342dd397bbfe11,,
Ninna-ji,,https://www.google.com/maps/place/Ninna-ji/data=!4m2!3m1!1s0x6001077ff3ae5187:0xea1bdd27377bb743,,
Momiji-ya Annex Kawa-no-Iori,,https://www.google.com/maps/place/Momiji-ya+Annex+Kawa-no-Iori/data=!4m2!3m1!1s0x6001abd760c6ff39:0x908ea799669eb189,,
Kurama-dera,,https://www.google.com/maps/place/Kurama-dera/data=!4m2!3m1!1s0x6001a612b377319d:0x50283d7e45708438,,
Shirakawa-gō,,https://www.google.com/maps/place/Shirakawa-g%C5%8D/data=!4m2!3m1!1s0x5ff8707e4843cc7f:0x56043544d4617173,,
Kamakura,,https://www.google.com/maps/place/Kamakura/data=!4m2!3m1!1s0x6018459b80ac5619:0x5700747a399f2502,,
Kanazawa,,https://www.google.com/maps/place/Kanazawa/data=!4m2!3m1!1s0x5ff83655468566c3:0x8df155c46fde6215,,
Wakakusayama Hill,,https://www.google.com/maps/place/Wakakusayama+Hill/data=!4m2!3m1!1s0x600139bbcd63548d:0x1f687ca8591106f1,,
Momijidani Park,,https://www.google.com/maps/place/Momijidani+Park/data=!4m2!3m1!1s0x355ab0b791262f75:0x22ba1c5e4b02cde7,,
Daishō-in,,https://www.google.com/maps/place/Daish%C5%8D-in/data=!4m2!3m1!1s0x355ab0cbbbdfc909:0xba3e1966c707fc3f,,
Senjōkaku,,https://www.google.com/maps/place/Senj%C5%8Dkaku/data=!4m2!3m1!1s0x355ab0b69c3fffff:0x2aa2d45c8fb91ba3,,
Itsukushima-jinja,,https://www.google.com/maps/place/Itsukushima-jinja/data=!4m2!3m1!1s0x601ae3047ec76d8f:0x357228f7d0b5d590,,
Ōmihachiman,,https://www.google.com/maps/place/%C5%8Cmihachiman/data=!4m2!3m1!1s0x60017997600421d5:0x761e42256d84d3b7,,
Takaragawa Onsen Osenkaku,,https://www.google.com/maps/place/Takaragawa+Onsen+Osenkaku/data=!4m2!3m1!1s0x601e3dfdbe3914d5:0xe7aa52d74d33b2c4,,
Wakayama,,https://www.google.com/maps/place/Wakayama/data=!4m2!3m1!1s0x6000b28519bc7e79:0x8fce76d4fd4f71ca,,
Kasuga-taisha,,https://www.google.com/maps/place/Kasuga-taisha/data=!4m2!3m1!1s0x600139c06bb06ad5:0x4c97e78382e39596,,
Inariyama Shrine,,https://www.google.com/maps/place/Inariyama+Shrine/data=!4m2!3m1!1s0x35453d761dcf115d:0x2a669b40e1e87222,,
Mori Clan Burial Site,,https://www.google.com/maps/place/Mori+Clan+Burial+Site/data=!4m2!3m1!1s0x3544afc235c223c7:0x9f492160e9a86cdb,,
Rurikō-ji,,https://www.google.com/maps/place/Rurik%C5%8D-ji/data=!4m2!3m1!1s0x354497a804efb307:0x5b2afe68f351aa04,,
Shuhoinarimiya,,https://www.google.com/maps/place/Shuhoinarimiya/data=!4m2!3m1!1s0x35449e7a792c5b21:0xe5a929c45edc7a6e,,
Beppu Benten Pond,,https://www.google.com/maps/place/Beppu+Benten+Pond/data=!4m2!3m1!1s0x3543619cba626aed:0xb35529658705a9d7,,
Motonosumi Shrine,,https://www.google.com/maps/place/Motonosumi+Shrine/data=!4m2!3m1!1s0x35434246243fc413:0x3d5290c028823b40,,
Akiyoshido Cave,,https://www.google.com/maps/place/Akiyoshido+Cave/data=!4m2!3m1!1s0x35449e73eb87e567:0x17151858db59774c,,
Takayama Inari Shrine,,https://www.google.com/maps/place/Takayama+Inari+Shrine/data=!4m2!3m1!1s0x5f9bc73835de5b75:0x2a221e38fa412175,,
Parc Oishi,,https://www.google.com/maps/place/Parc+Oishi/data=!4m2!3m1!1s0x60195fa68c0b2b95:0xa22e530b3a652904,,
